[
  {
    "_id": 0,
    "prefix": "ap",
    "value": [
      {
        "key": "p",
        "value": "app",
        "isWord": true,
        "rank": 10,
        "children": [
          {
            "key": "l",
            "value": "appl",
            "isWord": false,
            "rank": 0,
            "children": [
              {
                "key": "e",
                "value": "apple",
                "isWord": true,
                "rank": 100,
                "children": []
              }
            ]
          },
          {
            "key": "e",
            "value": "appe",
            "isWord": false,
            "rank": 0,
            "children": [
              {
                "key": "n",
                "value": "appen",
                "isWord": false,
                "rank": 0,
                "children": [
                  {
                    "key": "d",
                    "value": "append",
                    "isWord": true,
                    "rank": 30,
                    "children": []
                  }
                ]
              },
              {
                "key": "a",
                "value": "appea",
                "isWord": false,
                "rank": 0,
                "children": [
                  {
                    "key": "r",
                    "value": "appear",
                    "isWord": true,
                    "rank": 40,
                    "children": []
                  },
                  {
                    "key": "l",
                    "value": "appeal",
                    "isWord": true,
                    "rank": 75,
                    "children": []
                  }
                ]
              }
            ]
          }
        ]
      },
      {
        "key": "e",
        "value": "ape",
        "isWord": true,
        "rank": 1,
        "children": [
          {
            "key": "x",
            "value": "apex",
            "isWord": true,
            "rank": 1,
            "children": []
          }
        ]
      },
      {
        "key": "a",
        "value": "apa",
        "isWord": false,
        "rank": 0,
        "children": [
          {
            "key": "r",
            "value": "apar",
            "isWord": false,
            "rank": 0,
            "children": [
              {
                "key": "t",
                "value": "apart",
                "isWord": true,
                "rank": 2,
                "children": [
                  {
                    "key": "m",
                    "value": "apartm",
                    "isWord": false,
                    "rank": 0,
                    "children": [
                      {
                        "key": "e",
                        "value": "apartme",
                        "isWord": false,
                        "rank": 0,
                        "children": [
                          {
                            "key": "n",
                            "value": "apartmen",
                            "isWord": false,
                            "rank": 0,
                            "children": [
                              {
                                "key": "t",
                                "value": "apartment",
                                "isWord": true,
                                "rank": 3,
                                "children": []
                              }
                            ]
                          }
                        ]
                      }
                    ]
                  }
                ]
              }
            ]
          }
        ]
      }
    ]
  },
  {
    "_id": 1,
    "prefix": "ai",
    "value": [
      {
        "key": "m",
        "value": "aim",
        "isWord": true,
        "rank": 1,
        "children": []
      },
      {
        "key": "d",
        "value": "aid",
        "isWord": true,
        "rank": 2,
        "children": []
      }
    ]
  },
  {
    "_id": 2,
    "prefix": "pi",
    "value": [
      {
        "key": "e",
        "value": "pie",
        "isWord": true,
        "rank": 1,
        "children": [
          {
            "key": "c",
            "value": "piec",
            "isWord": false,
            "rank": 0,
            "children": [
              {
                "key": "e",
                "value": "piece",
                "isWord": true,
                "rank": 2,
                "children": []
              }
            ]
          },
          {
            "key": "r",
            "value": "pier",
            "isWord": false,
            "rank": 0,
            "children": [
              {
                "key": "c",
                "value": "pierc",
                "isWord": false,
                "rank": 0,
                "children": [
                  {
                    "key": "e",
                    "value": "pierce",
                    "isWord": true,
                    "rank": 3,
                    "children": []
                  }
                ]
              }
            ]
          }
        ]
      },
      {
        "key": "n",
        "value": "pin",
        "isWord": true,
        "rank": 4,
        "children": [
          {
            "key": "e",
            "value": "pine",
            "isWord": true,
            "rank": 0,
            "children": [
              {
                "key": "a",
                "value": "pinea",
                "isWord": false,
                "rank": 0,
                "children": [
                  {
                    "key": "p",
                    "value": "pineap",
                    "isWord": false,
                    "rank": 0,
                    "children": [
                      {
                        "key": "p",
                        "value": "pineapp",
                        "isWord": false,
                        "rank": 0,
                        "children": [
                          {
                            "key": "l",
                            "value": "pineappl",
                            "isWord": false,
                            "rank": 0,
                            "children": [
                              {
                                "key": "e",
                                "value": "pineapple",
                                "isWord": true,
                                "rank": 5,
                                "children": []
                              }
                            ]
                          }
                        ]
                      }
                    ]
                  }
                ]
              }
            ]
          },
          {
            "key": "g",
            "value": "ping",
            "isWord": true,
            "rank": 3,
            "children": []
          },
          {
            "key": "k",
            "value": "pink",
            "isWord": true,
            "rank": 6,
            "children": []
          },
          {
            "key": "t",
            "value": "pint",
            "isWord": true,
            "rank": 7,
            "children": []
          },
          {
            "key": "c",
            "value": "pinc",
            "isWord": false,
            "rank": 0,
            "children": [
              {
                "key": "h",
                "value": "pinch",
                "isWord": true,
                "rank": 8,
                "children": []
              }
            ]
          }
        ]
      },
      {
        "key": "a",
        "value": "pia",
        "isWord": false,
        "rank": 0,
        "children": [
          {
            "key": "n",
            "value": "pian",
            "isWord": false,
            "rank": 0,
            "children": [
              {
                "key": "o",
                "value": "piano",
                "isWord": true,
                "rank": 1,
                "children": []
              }
            ]
          }
        ]
      },
      {
        "key": "p",
        "value": "pip",
        "isWord": true,
        "rank": 0,
        "children": [
          {
            "key": "e",
            "value": "pipe",
            "isWord": true,
            "rank": 2,
            "children": [
              {
                "key": "r",
                "value": "piper",
                "isWord": true,
                "rank": 1,
                "children": []
              }
            ]
          }
        ]
      }
    ]
  },
  {
    "_id": 3,
    "prefix": "pa",
    "value": [
      {
        "key": "t",
        "value": "pat",
        "isWord": true,
        "rank": 6,
        "children": []
      }
    ]
  }
]











